label,iou,tp,fp,fn
Ascending,0.09401709401709402,11,66,40
Bottom,0.0,0,0,237
Descending,0.25862068965517243,75,182,33
Start,0.1759656652360515,41,127,65
