label,precision,recall,f1,support,tp,fp,fn
Ascending,0.14285714285714285,0.21568627450980393,0.171875,51,11,66,40
Bottom,0.0,0.0,0.0,237,0,0,237
Descending,0.2918287937743191,0.6944444444444444,0.410958904109589,108,75,182,33
Start,0.24404761904761904,0.3867924528301887,0.2992700729927007,106,41,127,65
