label,precision,recall,f1,support,tp,fp,fn
Ascending,0.42727272727272725,0.7966101694915254,0.5562130177514792,59,47,63,12
Bottom,0.0,0.0,0.0,56,0,0,56
Descending,0.5211267605633803,0.5522388059701493,0.5362318840579711,67,37,34,30
Start,0.4918032786885246,0.5,0.49586776859504134,60,30,31,30
