label,iou,tp,fp,fn
Ascending,0.38524590163934425,47,63,12
Bottom,0.0,0,0,56
Descending,0.36633663366336633,37,34,30
Start,0.32967032967032966,30,31,30
